case_id,kind,family,checks,causes,resolved_at,reviewer,vendor_id,approver_id,amount,category,urgency,request,what_happened,why,steps,outcome,lesson,plain_union,removed,overrides,effective_date,tag,text,demo_bank
PR-2026-0417,experience,E1,vendor,vendor=cert_expired,2026-03-14,R. Menon,V-017,E-110,140000,direct_material,normal,bearing housings,ISO 9001 certificate expired 6 days before the request; 2 years of on-time delivery.,"the vendor check blocks the vendor outright, but the vendor was otherwise in good standing and renewal was in progress.",REQUEST_RENEWED_CERT|KEEP_VENDOR_ACTIVE|HOLD_PO,renewed certificate received in 3 days; PO released.,"a recently expired certificate is a hold, not a rejection, when the vendor is otherwise in good standing.",,,,,,,n
PR-2026-0138,experience,E1,vendor,vendor=cert_expired,2026-01-22,R. Menon,V-003,E-110,95000,direct_material,normal,turned pins,IATF 16949 certificate lapsed 4 days earlier; surveillance audit already passed.,the lapse was administrative and the part is on the line's weekly schedule.,REQUEST_RENEWED_CERT|KEEP_VENDOR_ACTIVE|HOLD_PO,certificate reissued in 5 days; PO released.,"a recently expired certificate is a hold, not a rejection, when the vendor is otherwise in good standing.",,,,,,,n
PR-2026-0227,experience,E1,vendor,vendor=cert_expired,2026-02-17,R. Menon,V-009,E-107,62000,indirect_mro,normal,calibration weights,ISO/IEC 17025 certificate expired 9 days before the request; no quality incidents.,blocking the only nearby accredited lab would have delayed monthly calibration.,REQUEST_RENEWED_CERT|KEEP_VENDOR_ACTIVE|HOLD_PO,renewed certificate received in 6 days; PO released.,"a recently expired certificate is a hold, not a rejection, when the vendor is otherwise in good standing.",,,,,,,n
PR-2026-0379,experience,E1,vendor,vendor=cert_expired,2026-03-26,R. Menon,V-021,E-104,175000,direct_material,urgent,aluminium housings,ISO 9001 certificate expired 2 days earlier; renewal audit booked for the next week.,the vendor was in good standing and a switch would have needed a new PPAP.,REQUEST_RENEWED_CERT|KEEP_VENDOR_ACTIVE|HOLD_PO,certificate received in 4 days; PO released.,"a recently expired certificate is a hold, not a rejection, when the vendor is otherwise in good standing.",,,,,,,n
PR-2026-0512,experience,E1,vendor,vendor=cert_expired,2026-04-21,R. Menon,V-026,E-107,48000,indirect_mro,normal,cutting fluid,ISO 14001 certificate expired 5 days before the request.,a consumable from a long-standing supplier; the renewal was underway.,REQUEST_RENEWED_CERT|KEEP_VENDOR_ACTIVE|HOLD_PO,renewed certificate in 3 days; PO released.,"a recently expired certificate is a hold, not a rejection, when the vendor is otherwise in good standing.",,,,,,,n
PR-2026-0586,experience,E1,vendor,vendor=cert_expired,2026-05-12,R. Menon,V-011,E-201,420000,direct_material,normal,precision shafts,ISO 9001 certificate expired 7 days before the request; vendor in good standing for 4 years.,"the vendor check blocks the vendor outright, but the lapse was administrative.",REQUEST_RENEWED_CERT|KEEP_VENDOR_ACTIVE|HOLD_PO,certificate received in 5 days; PO released.,"a recently expired certificate is a hold, not a rejection, when the vendor is otherwise in good standing.",,,,,,,n
PR-2026-0633,experience,E1,vendor,vendor=cert_expired,2026-06-03,R. Menon,V-014,E-201,610000,direct_material,normal,gear blanks,IATF 16949 certificate expired 3 days earlier; recertification audit completed.,blocking a qualified gear supplier would have stopped a customer programme.,REQUEST_RENEWED_CERT|KEEP_VENDOR_ACTIVE|HOLD_PO,certificate reissued in 6 days; PO released.,"a recently expired certificate is a hold, not a rejection, when the vendor is otherwise in good standing.",,,,,,,n
PR-2026-0205,experience,E2,budget,budget=overrun,2026-02-12,R. Menon,V-041,E-104,160000,indirect_mro,line_down,spindle motor spares,line 2 stopped; the order took cost centre CC-MACH 5% over its annual budget.,"the budget check blocks the order, but the line was down and the overrun was 5%, under 10%.",ALLOW_BUDGET_OVERRUN|ATTACH_LINE_DOWN_EVIDENCE|ADD_CONTROLLER_SIGNOFF|EXPEDITE_PO,line restarted within 2 days; controller approved the overrun.,an emergency overrun of up to 10% with the line down is allowed with line-down evidence and controller sign-off.,,,,,,,y
PR-2026-0344,experience,E2,budget,budget=overrun,2026-03-20,R. Menon,V-044,E-104,120000,indirect_mro,line_down,hydraulic seals,line 4 stopped; the order took cost centre CC-MACH 8% over its annual budget.,"the budget check blocks the order, but the line was down and the overrun was 8%, under 10%.",ALLOW_BUDGET_OVERRUN|ATTACH_LINE_DOWN_EVIDENCE|ADD_CONTROLLER_SIGNOFF|EXPEDITE_PO,line restarted within 2 days; controller approved the overrun.,an emergency overrun of up to 10% with the line down is allowed with line-down evidence and controller sign-off.,,,,,,,y
PR-2026-0421,experience,E2,budget,budget=overrun,2026-04-08,R. Menon,V-005,E-104,185000,indirect_mro,line_down,servo drive,line 1 stopped; the order took cost centre CC-MACH 6% over its annual budget.,"the budget check blocks the order, but the line was down and the overrun was 6%, under 10%.",ALLOW_BUDGET_OVERRUN|ATTACH_LINE_DOWN_EVIDENCE|ADD_CONTROLLER_SIGNOFF|EXPEDITE_PO,line restarted within 2 days; controller approved the overrun.,an emergency overrun of up to 10% with the line down is allowed with line-down evidence and controller sign-off.,,,,,,,y
PR-2026-0498,experience,E2,budget,budget=overrun,2026-04-29,R. Menon,V-033,E-104,90000,indirect_mro,line_down,coolant pump rebuild kit,line 3 stopped; the order took cost centre CC-MACH 3% over its annual budget.,"the budget check blocks the order, but the line was down and the overrun was 3%, under 10%.",ALLOW_BUDGET_OVERRUN|ATTACH_LINE_DOWN_EVIDENCE|ADD_CONTROLLER_SIGNOFF|EXPEDITE_PO,line restarted within 2 days; controller approved the overrun.,an emergency overrun of up to 10% with the line down is allowed with line-down evidence and controller sign-off.,,,,,,,y
PR-2026-0561,experience,E2,budget,budget=overrun,2026-05-19,R. Menon,V-038,E-104,140000,indirect_mro,line_down,ball screw assembly,line 2 stopped; the order took cost centre CC-MACH 9% over its annual budget.,"the budget check blocks the order, but the line was down and the overrun was 9%, under 10%.",ALLOW_BUDGET_OVERRUN|ATTACH_LINE_DOWN_EVIDENCE|ADD_CONTROLLER_SIGNOFF|EXPEDITE_PO,line restarted within 2 days; controller approved the overrun.,an emergency overrun of up to 10% with the line down is allowed with line-down evidence and controller sign-off.,,,,,,,y
PR-2026-0655,experience,E2,budget,budget=overrun,2026-06-11,R. Menon,V-006,E-104,380000,indirect_mro,line_down,replacement gearbox,line 1 stopped; the order took cost centre CC-MACH 7% over its annual budget.,"the budget check blocks the order, but the line was down and the overrun was 7%, under 10%.",ALLOW_BUDGET_OVERRUN|ATTACH_LINE_DOWN_EVIDENCE|ADD_CONTROLLER_SIGNOFF|EXPEDITE_PO,line restarted within 2 days; controller approved the overrun.,an emergency overrun of up to 10% with the line down is allowed with line-down evidence and controller sign-off.,,,,,,,y
PR-2026-0301,experience,E3,approver,approver=approver_on_leave,2026-03-05,R. Menon,V-008,E-107,110000,indirect_mro,normal,spindle bearings for maintenance stock,"approver E-107 was on leave for a week; a valid delegation up to ₹2,00,000 was on file.",the approver was on leave and the request would otherwise have waited a week.,ROUTE_DELEGATE,the delegate approved the same day.,"when the approver is away and the amount is within the delegate's limit, route to the delegate.",,,,,,,y
PR-2026-0391,experience,E3,approver,approver=approver_on_leave,2026-03-27,R. Menon,V-012,E-111,95000,services,normal,annual calibration service,"approver E-111 was on leave for a week; a valid delegation up to ₹2,00,000 was on file.",the approver was on leave and the request would otherwise have waited a week.,ROUTE_DELEGATE,the delegate approved the same day.,"when the approver is away and the amount is within the delegate's limit, route to the delegate.",,,,,,,y
PR-2026-0460,experience,E3,approver,approver=approver_on_leave,2026-04-16,R. Menon,V-019,E-110,150000,direct_material,normal,fastener kits,"approver E-110 was on leave for a week; a valid delegation up to ₹2,00,000 was on file.",the approver was on leave and the request would otherwise have waited a week.,ROUTE_DELEGATE,the delegate approved the same day.,"when the approver is away and the amount is within the delegate's limit, route to the delegate.",,,,,,,y
PR-2026-0548,experience,E3,approver,approver=approver_on_leave,2026-05-14,R. Menon,V-024,E-107,70000,indirect_mro,normal,safety gloves and PPE,"approver E-107 was on leave for a week; a valid delegation up to ₹2,00,000 was on file.",the approver was on leave and the request would otherwise have waited a week.,ROUTE_DELEGATE,the delegate approved the same day.,"when the approver is away and the amount is within the delegate's limit, route to the delegate.",,,,,,,y
PR-2026-0720,experience,E3,approver,approver=approver_on_leave,2026-08-06,R. Menon,V-030,E-104,180000,capex,normal,a bench grinder (capex),"the approver was on leave; the delegation was valid; the request was capex, after the 1 Jul 2026 policy memo.",the approver was away; under the 1 Jul 2026 memo a capex delegate approval needs Finance Controller co-sign.,ROUTE_DELEGATE|ADD_CONTROLLER_SIGNOFF,the delegate approved with controller co-sign.,"since 1 Jul 2026, capex approved by a delegate also needs the Finance Controller's co-sign.",,,,,,,y
PR-2026-0758,experience,E3,approver,approver=approver_on_leave,2026-08-25,R. Menon,V-034,E-104,195000,capex,normal,a coordinate-measuring probe head (capex),"the approver was on leave; the delegation was valid; the request was capex, after the 1 Jul 2026 policy memo.",the approver was away; under the 1 Jul 2026 memo a capex delegate approval needs Finance Controller co-sign.,ROUTE_DELEGATE|ADD_CONTROLLER_SIGNOFF,the delegate approved with controller co-sign.,"since 1 Jul 2026, capex approved by a delegate also needs the Finance Controller's co-sign.",,,,,,,y
PR-2026-0266,experience,E4,duplicate,duplicate=possible_duplicate,2026-02-26,R. Menon,V-050,E-107,75000,indirect_mro,normal,"packaging crates, second shipment",a request 3% off an earlier one to the same vendor in the same month; it was the second shipment of one order.,the duplicate check can't tell a split delivery from a repeat order.,LINK_MASTER_PO|ALLOW_SPLIT_DELIVERY,linked to the master PO; no double payment.,"a split shipment of one order is linked to its master PO, not rejected as a duplicate, when the vendor has no duplicate-invoice history.",,,,,,,y
PR-2026-0402,experience,E4,duplicate,duplicate=possible_duplicate,2026-03-30,R. Menon,V-055,E-107,130000,direct_material,normal,"aluminium bar stock, balance quantity",a request 2% off an earlier one to the same vendor in the same month; it was the second shipment of one order.,the duplicate check can't tell a split delivery from a repeat order.,LINK_MASTER_PO|ALLOW_SPLIT_DELIVERY,linked to the master PO; no double payment.,"a split shipment of one order is linked to its master PO, not rejected as a duplicate, when the vendor has no duplicate-invoice history.",,,,,,,y
PR-2026-0477,experience,E4,duplicate,duplicate=possible_duplicate,2026-04-22,R. Menon,V-018,E-107,58000,indirect_mro,normal,"abrasive discs, second lot",a request 4% off an earlier one to the same vendor in the same month; it was the second shipment of one order.,the duplicate check can't tell a split delivery from a repeat order.,LINK_MASTER_PO|ALLOW_SPLIT_DELIVERY,linked to the master PO; no double payment.,"a split shipment of one order is linked to its master PO, not rejected as a duplicate, when the vendor has no duplicate-invoice history.",,,,,,,y
PR-2026-0569,experience,E4,duplicate,duplicate=possible_duplicate,2026-05-21,R. Menon,V-027,E-107,160000,direct_material,normal,"steel tubes, second truckload",a request 1% off an earlier one to the same vendor in the same month; it was the second shipment of one order.,the duplicate check can't tell a split delivery from a repeat order.,LINK_MASTER_PO|ALLOW_SPLIT_DELIVERY,linked to the master PO; no double payment.,"a split shipment of one order is linked to its master PO, not rejected as a duplicate, when the vendor has no duplicate-invoice history.",,,,,,,y
PR-2026-0648,experience,E4,duplicate,duplicate=possible_duplicate,2026-06-09,R. Menon,V-040,E-107,88000,indirect_mro,normal,"pallet wrap, balance delivery",a request 5% off an earlier one to the same vendor in the same month; it was the second shipment of one order.,the duplicate check can't tell a split delivery from a repeat order.,LINK_MASTER_PO|ALLOW_SPLIT_DELIVERY,linked to the master PO; no double payment.,"a split shipment of one order is linked to its master PO, not rejected as a duplicate, when the vendor has no duplicate-invoice history.",,,,,,,y
PR-2026-0233,experience,E5,bank,bank=bank_details_changed,2026-02-20,R. Menon,V-031,E-201,320000,direct_material,normal,a regular order,"the vendor changed its bank account 9 days before the request, by email.","the bank check only flags the change; a changed account is a classic payment-fraud route, so it must be confirmed first.",VERIFY_BANK_CALLBACK|HOLD_PAYMENT|HOLD_PO,callback to the number on file confirmed the account; PO released.,a recent bank change means a callback on a known number and a payment hold before anything else.,,,,,,,y
PR-2026-0455,experience,E5,bank,bank=bank_details_changed,2026-04-09,R. Menon,V-036,E-110,175000,direct_material,normal,a regular order,"the vendor changed its bank account 5 days before the request, by email.","the bank check only flags the change; a changed account is a classic payment-fraud route, so it must be confirmed first.",VERIFY_BANK_CALLBACK|HOLD_PAYMENT|HOLD_PO,callback to the number on file confirmed the account; PO released.,a recent bank change means a callback on a known number and a payment hold before anything else.,,,,,,,y
PR-2026-0118,experience,E5,bank,bank=bank_details_changed,2026-01-15,R. Menon,V-002,E-110,64000,indirect_mro,normal,a regular order,"the vendor changed its bank account 12 days before the request, on a letterhead scan.","the bank check only flags the change; a changed account is a classic payment-fraud route, so it must be confirmed first.",VERIFY_BANK_CALLBACK|HOLD_PAYMENT|HOLD_PO,callback to the number on file confirmed the account; PO released.,a recent bank change means a callback on a known number and a payment hold before anything else.,,,,,,,y
PR-2026-0309,experience,E5,bank,bank=bank_details_changed,2026-03-09,R. Menon,V-016,E-201,245000,direct_material,normal,a regular order,"the vendor changed its bank account 20 days before the request, through the vendor portal.","the bank check only flags the change; a changed account is a classic payment-fraud route, so it must be confirmed first.",VERIFY_BANK_CALLBACK|HOLD_PAYMENT|HOLD_PO,callback to the number on file confirmed the account; PO released.,a recent bank change means a callback on a known number and a payment hold before anything else.,,,,,,,y
PR-2026-0597,experience,E5,bank,bank=bank_details_changed,2026-05-27,R. Menon,V-022,E-110,110000,services,normal,a regular order,"the vendor changed its bank account 3 days before the request, by phone and email.","the bank check only flags the change; a changed account is a classic payment-fraud route, so it must be confirmed first.",VERIFY_BANK_CALLBACK|HOLD_PAYMENT|HOLD_PO,callback to the number on file confirmed the account; PO released.,a recent bank change means a callback on a known number and a payment hold before anything else.,,,,,,,y
PR-2026-0672,experience,E5,bank,bank=bank_details_changed,2026-06-18,R. Menon,V-037,E-201,520000,direct_material,normal,a regular order,"the vendor changed its bank account 15 days before the request, by email with a new cancelled cheque.","the bank check only flags the change; a changed account is a classic payment-fraud route, so it must be confirmed first.",VERIFY_BANK_CALLBACK|HOLD_PAYMENT|HOLD_PO,callback to the number on file confirmed the account; PO released.,a recent bank change means a callback on a known number and a payment hold before anything else.,,,,,,,y
PR-2026-0288,experience,E6,quotes,quotes=insufficient_quotes,2026-03-02,R. Menon,V-060,E-201,450000,direct_material,normal,a single-source item,"only one quote was attached for an amount above ₹2,00,000.",three quotes are impossible: the vendor is the only approved source for this grade.,SOLE_SOURCE_FORM|CATEGORY_HEAD_SIGNOFF,sole-source form filed; category head signed; PO issued.,"a sole-source item above ₹2,00,000 needs the sole-source form and category head sign-off instead of three quotes.",,,,,,,y
PR-2026-0470,experience,E6,quotes,quotes=insufficient_quotes,2026-04-15,R. Menon,V-061,E-201,680000,direct_material,normal,a single-source item,"only one quote was attached for an amount above ₹2,00,000.",three quotes are impossible: the customer drawing names this vendor.,SOLE_SOURCE_FORM|CATEGORY_HEAD_SIGNOFF,sole-source form filed; category head signed; PO issued.,"a sole-source item above ₹2,00,000 needs the sole-source form and category head sign-off instead of three quotes.",,,,,,,y
PR-2026-0355,experience,E6,quotes,quotes=insufficient_quotes,2026-03-23,R. Menon,V-062,E-201,240000,direct_material,normal,a single-source item,"only one quote was attached for an amount above ₹2,00,000.",three quotes are impossible: the tooling is proprietary to the vendor.,SOLE_SOURCE_FORM|CATEGORY_HEAD_SIGNOFF,sole-source form filed; category head signed; PO issued.,"a sole-source item above ₹2,00,000 needs the sole-source form and category head sign-off instead of three quotes.",,,,,,,y
PR-2026-0533,experience,E6,quotes,quotes=insufficient_quotes,2026-05-08,R. Menon,V-063,E-201,390000,direct_material,normal,a single-source item,"only one quote was attached for an amount above ₹2,00,000.",three quotes are impossible: only one vendor holds the customer approval for this coating.,SOLE_SOURCE_FORM|CATEGORY_HEAD_SIGNOFF,sole-source form filed; category head signed; PO issued.,"a sole-source item above ₹2,00,000 needs the sole-source form and category head sign-off instead of three quotes.",,,,,,,y
PR-2026-0611,experience,E6,quotes,quotes=insufficient_quotes,2026-05-29,R. Menon,V-064,E-201,820000,direct_material,normal,a single-source item,"only one quote was attached for an amount above ₹2,00,000.",three quotes are impossible: the machine OEM is the only source of this spindle.,SOLE_SOURCE_FORM|CATEGORY_HEAD_SIGNOFF,sole-source form filed; category head signed; PO issued.,"a sole-source item above ₹2,00,000 needs the sole-source form and category head sign-off instead of three quotes.",,,,,,,y
PR-2026-0360,interaction,I1,approver|budget,approver=approver_on_leave|budget=overrun,2026-03-24,R. Menon,V-044,E-104,170000,indirect_mro,line_down,urgent spares,"line 1 down; CC-MACH 6% over budget; approver E-104 on leave with delegate E-112 up to ₹2,00,000.","delegates don't approve budget overruns, even within their limit, so routing to the delegate would have stalled.",ROUTE_NEXT_LEVEL_APPROVER|ADD_CONTROLLER_SIGNOFF|ALLOW_BUDGET_OVERRUN|ATTACH_LINE_DOWN_EVIDENCE|EXPEDITE_PO,the next-level approver signed within hours; the line restarted.,"when the approver is away and the budget overruns, route to the next-level approver, not the delegate.",ROUTE_DELEGATE|ALLOW_BUDGET_OVERRUN|ATTACH_LINE_DOWN_EVIDENCE|ADD_CONTROLLER_SIGNOFF|EXPEDITE_PO,"ROUTE_DELEGATE, because a delegate may not approve an overrun; routed to the next-level approver instead.",,,,,y
PR-2026-0515,interaction,I1,approver|budget,approver=approver_on_leave|budget=overrun,2026-05-06,R. Menon,V-046,E-104,150000,indirect_mro,line_down,urgent spares,"line 3 down; CC-MACH 4% over budget; approver E-104 on leave with delegate E-112 up to ₹2,00,000.","delegates don't approve budget overruns, even within their limit, so routing to the delegate would have stalled.",ROUTE_NEXT_LEVEL_APPROVER|ADD_CONTROLLER_SIGNOFF|ALLOW_BUDGET_OVERRUN|ATTACH_LINE_DOWN_EVIDENCE|EXPEDITE_PO,the next-level approver signed within hours; the line restarted.,"when the approver is away and the budget overruns, route to the next-level approver, not the delegate.",ROUTE_DELEGATE|ALLOW_BUDGET_OVERRUN|ATTACH_LINE_DOWN_EVIDENCE|ADD_CONTROLLER_SIGNOFF|EXPEDITE_PO,"ROUTE_DELEGATE, because a delegate may not approve an overrun; routed to the next-level approver instead.",,,,,y
PR-2026-0620,interaction,I1,approver|budget,approver=approver_on_leave|budget=overrun,2026-06-02,R. Menon,V-047,E-201,460000,indirect_mro,line_down,urgent spares,"line 2 down; CC-MACH 5% over budget; approver E-201 (plant head) on leave with delegate E-205 up to ₹10,00,000.","delegates don't approve budget overruns, even within their limit, so routing to the delegate would have stalled.",ROUTE_NEXT_LEVEL_APPROVER|ADD_CONTROLLER_SIGNOFF|ALLOW_BUDGET_OVERRUN|ATTACH_LINE_DOWN_EVIDENCE|EXPEDITE_PO,the next-level approver signed within hours; the line restarted.,"when the approver is away and the budget overruns, route to the next-level approver, not the delegate.",ROUTE_DELEGATE|ALLOW_BUDGET_OVERRUN|ATTACH_LINE_DOWN_EVIDENCE|ADD_CONTROLLER_SIGNOFF|EXPEDITE_PO,"ROUTE_DELEGATE, because a delegate may not approve an overrun; routed to the next-level approver instead.",,,,,y
PR-2026-0312,interaction,I3,bank|budget,bank=bank_details_changed|budget=overrun,2026-03-11,R. Menon,V-031,E-104,185000,indirect_mro,line_down,coolant pump assemblies,line 3 stopped; the vendor changed bank details less than two weeks earlier; CC-MACH 7% over budget.,"the plain combination holds the PO until the bank callback, which would have kept the line down; a PO is not a payment.",EXPEDITE_PO|VERIFY_BANK_CALLBACK|HOLD_PAYMENT|ALLOW_BUDGET_OVERRUN|ATTACH_LINE_DOWN_EVIDENCE|ADD_CONTROLLER_SIGNOFF,parts arrived next day; the callback confirmed the account; payment released after controller sign-off.,"when a bank change meets a line-down overrun, release the PO but hold the payment until the callback.",VERIFY_BANK_CALLBACK|HOLD_PAYMENT|HOLD_PO|ALLOW_BUDGET_OVERRUN|ATTACH_LINE_DOWN_EVIDENCE|ADD_CONTROLLER_SIGNOFF|EXPEDITE_PO,"HOLD_PO, because the PO was released while payment stayed held until the callback.",,,,,y
PR-2026-0484,interaction,I3,bank|budget,bank=bank_details_changed|budget=overrun,2026-04-27,R. Menon,V-048,E-104,160000,indirect_mro,line_down,drive belts and pulleys,line 2 stopped; the vendor changed bank details less than two weeks earlier; CC-MACH 5% over budget.,"the plain combination holds the PO until the bank callback, which would have kept the line down; a PO is not a payment.",EXPEDITE_PO|VERIFY_BANK_CALLBACK|HOLD_PAYMENT|ALLOW_BUDGET_OVERRUN|ATTACH_LINE_DOWN_EVIDENCE|ADD_CONTROLLER_SIGNOFF,parts arrived next day; the callback confirmed the account; payment released after controller sign-off.,"when a bank change meets a line-down overrun, release the PO but hold the payment until the callback.",VERIFY_BANK_CALLBACK|HOLD_PAYMENT|HOLD_PO|ALLOW_BUDGET_OVERRUN|ATTACH_LINE_DOWN_EVIDENCE|ADD_CONTROLLER_SIGNOFF|EXPEDITE_PO,"HOLD_PO, because the PO was released while payment stayed held until the callback.",,,,,y
PR-2026-0690,interaction,I3,bank|budget,bank=bank_details_changed|budget=overrun,2026-06-24,R. Menon,V-049,E-104,440000,indirect_mro,line_down,drive belts and pulleys,line 4 stopped; the vendor changed bank details 11 days earlier; CC-MACH 8% over budget.,"the plain combination holds the PO until the bank callback, which would have kept the line down; a PO is not a payment.",EXPEDITE_PO|VERIFY_BANK_CALLBACK|HOLD_PAYMENT|ALLOW_BUDGET_OVERRUN|ATTACH_LINE_DOWN_EVIDENCE|ADD_CONTROLLER_SIGNOFF,parts arrived next day; the callback confirmed the account; payment released after controller sign-off.,"when a bank change meets a line-down overrun, release the PO but hold the payment until the callback.",VERIFY_BANK_CALLBACK|HOLD_PAYMENT|HOLD_PO|ALLOW_BUDGET_OVERRUN|ATTACH_LINE_DOWN_EVIDENCE|ADD_CONTROLLER_SIGNOFF|EXPEDITE_PO,"HOLD_PO, because the PO was released while payment stayed held until the callback.",,,,,y
PR-2026-0701,override,E2,budget,budget=overrun,2026-07-08,R. Menon,V-042,E-104,175000,indirect_mro,line_down,motor spares claimed as line-down,the E2 lesson recommended ALLOW_BUDGET_OVERRUN with line-down evidence; the maintenance log showed the line running.,"the line-down claim was not supported, so the emergency-overrun lesson did not apply in this context.",REQUEST_MORE_INFO,request returned; resubmitted next quarter.,the emergency-overrun lesson needs a maintenance log confirming the line is down.,,,"E2 emergency-overrun lesson (PR-2026-0205, PR-2026-0344)",,,,y
PR-2026-0735,override,E4,duplicate,duplicate=possible_duplicate,2026-08-12,R. Menon,V-057,E-107,92000,indirect_mro,normal,second shipment from a vendor with a past duplicate-invoice incident,the E4 lesson recommended LINK_MASTER_PO and ALLOW_SPLIT_DELIVERY; this vendor had a duplicate-invoice incident in 2025.,a split-shipment claim from a vendor with a duplicate-invoice history can't be accepted on trust.,REJECT_REQUEST|ESCALATE_AUDIT,request rejected; audit found a second invoice for the same crates.,split-shipment treatment does not apply to a vendor with a prior duplicate-invoice incident.,,,"E4 split-shipment lesson (PR-2026-0266, PR-2026-0402)",,,,n
PR-2026-0746,override,E6,quotes,quotes=insufficient_quotes,2026-08-19,R. Menon,V-065,E-201,310000,direct_material,normal,sole-source claim for a standard grade,the E6 lesson recommended SOLE_SOURCE_FORM and CATEGORY_HEAD_SIGNOFF; a second approved vendor for the grade exists.,"the item was not truly sole-source, so the sole-source waiver did not apply.",COLLECT_QUOTES,three quotes collected; a cheaper vendor won.,a sole-source waiver needs the approved-vendor list to show a single source.,,,"E6 sole-source lesson (PR-2026-0288, PR-2026-0470)",,,,y
POLICY-2026-07-01,policy_change,policy,approver,,,,,,,,,,,,,,,,,,2026-07-01,step:approver,"Policy memo effective 1 Jul 2026: for capex requests, when the approver is on leave, the delegate may approve only with Finance Controller co-sign (ADD_CONTROLLER_SIGNOFF).",y
